Wall time,Step,Value
1764872988.8868248,1,1.5077224969863892
1764873543.241618,2,1.2691442966461182
1764874105.455175,3,1.1715271472930908
1764874666.449759,4,1.0972503423690796
1764875238.1257112,5,1.0383446216583252
