Wall time,Step,Value
1764873033.9966311,1,0.5669587254524231
1764873588.036726,2,0.5876095294952393
1764874150.660514,3,0.5957446694374084
1764874711.741149,4,0.5982478260993958
1764875285.321367,5,0.5932415723800659
