Wall time,Step,Value
1764873033.996612,1,1.2995225191116333
1764873588.0367072,2,1.2257847785949707
1764874150.660495,3,1.2340896129608154
1764874711.741129,4,1.2328137159347534
1764875285.3213298,5,1.2184730768203735
