Wall time,Step,Value
1764872988.8868322,1,0.45419272780418396
1764873543.241628,2,0.5545682311058044
1764874105.455184,3,0.5892521739006042
1764874666.449771,4,0.6143617033958435
1764875238.1257238,5,0.6354662179946899
